{
    "Elevation": {
        "max": 1,
        "min": 0,
        "mean": 0.0032546659965714993,
        "sum": 1891.0,
        "std": 0.05695681459947712
    },
    "Aspect": {
        "max": 1,
        "min": 0,
        "mean": 0.00020481504684929054,
        "sum": 119.0,
        "std": 0.014309907410203451
    },
    "Slope": {
        "max": 1,
        "min": 0,
        "mean": 0.0005128981845469629,
        "sum": 298.0,
        "std": 0.022641466434728558
    },
    "Horizontal_Distance": {
        "max": 1,
        "min": 0,
        "mean": 0.026803232979697493,
        "sum": 15573.0,
        "std": 0.16150809446310413
    },
    "Hillshade_Noon": {
        "max": 1,
        "min": 0,
        "mean": 0.02376198770421265,
        "sum": 13806.0,
        "std": 0.1523069124183252
    },
    "Horizontal_Fire": {
        "max": 1,
        "min": 0,
        "mean": 0.01505992991538901,
        "sum": 8750.0,
        "std": 0.1217914363007135
    },
    "Cover_Type": {
        "2": 283301,
        "1": 211840,
        "3": 35754,
        "7": 20510,
        "6": 17367,
        "5": 9493,
        "4": 2747
    }
}