{"sum": 2722122.0, "avr": 190.78511354079058, "sumMD": 22336.0, "avrMD": 192.55172413793105, "sumSD": 22133.0, "avrSD": 179.9430894308943, "max": 370.0, "min": 11.0}